<?xml version="1.0"?>
<Runs Version="1" Minor="0">
	<Run Id="xadc_wiz_0_synth_1" LaunchDir="C:/Users/drtho/OneDrive - BYU-Idaho/CLASS/2020/Spring 2020/ECEN 340 - Digital Design/Final Proj/Thomson_Daniel_Filter/Thomson_Daniel_Filter.runs/xadc_wiz_0_synth_1" FlowId="Vivado_Synthesis" FromStepId="vivado" ToStepId="vivado"/>
	<Run Id="synth_1" LaunchDir="C:/Users/drtho/OneDrive - BYU-Idaho/CLASS/2020/Spring 2020/ECEN 340 - Digital Design/Final Proj/Thomson_Daniel_Filter/Thomson_Daniel_Filter.runs/synth_1" FlowId="Vivado_Synthesis" FromStepId="vivado" ToStepId="vivado">
		<Parent Id="xadc_wiz_0_synth_1"/>
	</Run>
	<Run Id="impl_1" LaunchDir="C:/Users/drtho/OneDrive - BYU-Idaho/CLASS/2020/Spring 2020/ECEN 340 - Digital Design/Final Proj/Thomson_Daniel_Filter/Thomson_Daniel_Filter.runs/impl_1" FlowId="Vivado_Implementation" FromStepId="init_design" ToStepId="write_bitstream">
		<Parent Id="synth_1"/>
		<Parent Id="xadc_wiz_0_synth_1"/>
	</Run>
	<Parameters>
		<Parameter Name="runs.monitorLSFJobs" Val="true" Type="bool"/>
		<Parameter Name="runs.enableClusterConf" Val="true" Type="bool"/>
	</Parameters>
</Runs>

