<?xml version="1.0" encoding="UTF-8"?>
<GenRun Id="synth_1" LaunchPart="xc7a35tcpg236-1" LaunchTime="1594877761">
  <File Type="PA-TCL" Name="fir_filter_top.tcl"/>
  <File Type="RDS-PROPCONSTRS" Name="fir_filter_top_drc_synth.rpt"/>
  <File Type="REPORTS-TCL" Name="fir_filter_top_reports.tcl"/>
  <File Type="RDS-RDS" Name="fir_filter_top.vds"/>
  <File Type="RDS-UTIL" Name="fir_filter_top_utilization_synth.rpt"/>
  <File Type="RDS-UTIL-PB" Name="fir_filter_top_utilization_synth.pb"/>
  <File Type="RDS-DCP" Name="fir_filter_top.dcp"/>
  <File Type="VDS-TIMINGSUMMARY" Name="fir_filter_top_timing_summary_synth.rpt"/>
  <File Type="VDS-TIMING-PB" Name="fir_filter_top_timing_summary_synth.pb"/>
  <FileSet Name="sources" Type="DesignSrcs" RelSrcDir="$PSRCDIR/sources_1">
    <Filter Type="Srcs"/>
    <File Path="$PSRCDIR/sources_1/imports/sources_1/imports/Lab 06/clk_gen.v">
      <FileInfo>
        <Attr Name="ImportPath" Val="$PPRDIR/../../Labs/Lab 06/clk_gen.v"/>
        <Attr Name="ImportTime" Val="1591051938"/>
        <Attr Name="UsedIn" Val="synthesis"/>
        <Attr Name="UsedIn" Val="implementation"/>
        <Attr Name="UsedIn" Val="simulation"/>
      </FileInfo>
    </File>
    <File Path="$PSRCDIR/sources_1/imports/sources_1/imports/Lab 06/digit_selector.v">
      <FileInfo>
        <Attr Name="ImportPath" Val="$PPRDIR/../../Labs/Lab 06/digit_selector.v"/>
        <Attr Name="ImportTime" Val="1591051971"/>
        <Attr Name="UsedIn" Val="synthesis"/>
        <Attr Name="UsedIn" Val="implementation"/>
        <Attr Name="UsedIn" Val="simulation"/>
      </FileInfo>
    </File>
    <File Path="$PSRCDIR/sources_1/imports/sources_1/imports/Lab 06/hex_num_gen.v">
      <FileInfo>
        <Attr Name="ImportPath" Val="$PPRDIR/../../Labs/Lab 06/hex_num_gen.v"/>
        <Attr Name="ImportTime" Val="1591054826"/>
        <Attr Name="UsedIn" Val="synthesis"/>
        <Attr Name="UsedIn" Val="implementation"/>
        <Attr Name="UsedIn" Val="simulation"/>
      </FileInfo>
    </File>
    <File Path="$PSRCDIR/sources_1/imports/sources_1/new/low_pass_rf.v">
      <FileInfo>
        <Attr Name="ImportPath" Val="$PPRDIR/../../../../../../../340_Final_Project/340_Final_Project.srcs/sources_1/new/low_pass_rf.v"/>
        <Attr Name="ImportTime" Val="1594852481"/>
        <Attr Name="UsedIn" Val="synthesis"/>
        <Attr Name="UsedIn" Val="implementation"/>
        <Attr Name="UsedIn" Val="simulation"/>
      </FileInfo>
    </File>
    <File Path="$PSRCDIR/sources_1/imports/sources_1/imports/Lab 06/sseg.v">
      <FileInfo>
        <Attr Name="ImportPath" Val="$PPRDIR/../../Labs/Lab 06/sseg.v"/>
        <Attr Name="ImportTime" Val="1591054840"/>
        <Attr Name="UsedIn" Val="synthesis"/>
        <Attr Name="UsedIn" Val="implementation"/>
        <Attr Name="UsedIn" Val="simulation"/>
      </FileInfo>
    </File>
    <File Path="$PSRCDIR/sources_1/imports/sources_1/imports/Lab 06/sseg_x4_top.v">
      <FileInfo>
        <Attr Name="ImportPath" Val="$PPRDIR/../../Labs/Lab 06/sseg_x4_top.v"/>
        <Attr Name="ImportTime" Val="1591055740"/>
        <Attr Name="UsedIn" Val="synthesis"/>
        <Attr Name="UsedIn" Val="implementation"/>
        <Attr Name="UsedIn" Val="simulation"/>
      </FileInfo>
    </File>
    <File Path="$PSRCDIR/sources_1/imports/sources_1/new/fir_filter_top.v">
      <FileInfo>
        <Attr Name="ImportPath" Val="$PPRDIR/../../../../../../../340_Final_Project/340_Final_Project.srcs/sources_1/new/fir_filter_top.v"/>
        <Attr Name="ImportTime" Val="1594853031"/>
        <Attr Name="UsedIn" Val="synthesis"/>
        <Attr Name="UsedIn" Val="implementation"/>
        <Attr Name="UsedIn" Val="simulation"/>
      </FileInfo>
    </File>
    <Config>
      <Option Name="DesignMode" Val="RTL"/>
      <Option Name="TopModule" Val="fir_filter_top"/>
    </Config>
  </FileSet>
  <FileSet Name="constrs_in" Type="Constrs" RelSrcDir="$PSRCDIR/constrs_1">
    <Filter Type="Constrs"/>
    <File Path="$PSRCDIR/constrs_1/imports/Labs/Basys3_Master.xdc">
      <FileInfo>
        <Attr Name="ImportPath" Val="$PPRDIR/../../Labs/Basys3_Master.xdc"/>
        <Attr Name="ImportTime" Val="1589235627"/>
        <Attr Name="UsedIn" Val="synthesis"/>
        <Attr Name="UsedIn" Val="implementation"/>
      </FileInfo>
    </File>
    <Config>
      <Option Name="ConstrsType" Val="XDC"/>
    </Config>
  </FileSet>
  <FileSet Name="utils" Type="Utils" RelSrcDir="$PSRCDIR/utils_1">
    <Filter Type="Utils"/>
    <Config>
      <Option Name="TopAutoSet" Val="TRUE"/>
    </Config>
  </FileSet>
  <Strategy Version="1" Minor="2">
    <StratHandle Name="Vivado Synthesis Defaults" Flow="Vivado Synthesis 2019"/>
    <Step Id="synth_design"/>
  </Strategy>
  <BlockFileSet Type="BlockSrcs" Name="xadc_wiz_0"/>
</GenRun>
